bdl_player_id,PLAYER_NAME,TEAM,CAP_HIT,TOTAL_CASH,BASE_SALARY,DRAFT_YEAR,DRAFT_ROUND,DRAFT_NUMBER,CONTRACT_TYPE,SIGNED_USING,CONTRACT_START,CONTRACT_END,CONTRACT_TOTAL_VALUE
303,CJ McCollum,ATL,30666666,16567049.0,30666666,2013.0,1.0,10.0,,,,,
17896040,Jalen Johnson,ATL,30000000,30000000.0,30000000,2021.0,1.0,20.0,,,,,
17553979,Jonathan Kuminga,ATL,23799569,8534483.0,22500000,2021.0,1.0,7.0,,,,,
666400,Nickeil Alexander-Walker,ATL,15161800,15161800.0,15161800,2019.0,1.0,17.0,,,,,
3547244,Onyeka Okongwu,ATL,15000000,15000000.0,15000000,2020.0,1.0,6.0,,,,,
17896045,Corey Kispert,ATL,13975000,7549713.0,13975000,2021.0,1.0,15.0,,,,,
1028028244,Zaccharie Risacher,ATL,13197720,13197720.0,13197720,2024.0,1.0,1.0,Rookie,rookie-scale-exception,2024.0,2027.0,57027437.0
1603383,Gabe Vincent,ATL,11500000,11500000.0,11500000,,,,,,,,
210,Buddy Hield,ATL,9219512,3497056.0,9219512,2016.0,1.0,6.0,,,,,
38017677,Dyson Daniels,ATL,7707709,7707709.0,7707709,2022.0,1.0,8.0,Rookie,rookie-scale-exception,2022.0,2025.0,25059949.0
1057279093,Asa Newell,ATL,3237480,3237480.0,3237480,2025.0,1.0,23.0,Rookie,rookie-scale-exception,2025.0,2028.0,16240654.0
45088184,Keaton Wallace,ATL,2296274,2296274.0,2296274,,,,,,,,
17895703,Keaton Wallace,ATL,2296274,2296274.0,2296274,,,,,,,,
19465326,Jock Landale,ATL,2296274,933658.0,2461463,,,,,,,,
56677806,Mouhamed Gueye,ATL,2221677,2221677.0,2221677,2023.0,2.0,39.0,,,,,
56783340,Duop Reath,ATL,2221677,906546.0,2221677,,,,,,,,
1028243921,N'Faly Dante,ATL,2048494,2048494.0,2048494,,,,,,,,
1028035632,Nikola Durisic,ATL,1272870,1272870.0,1272870,2024.0,2.0,43.0,,,,,
38017724,Caleb Houstan,ATL,699440,724598.0,724598,2022.0,2.0,32.0,,,,,
60,Tony Bradley,ATL,92379,123945.0,123945,2017.0,1.0,28.0,,,,,
375,Michael Porter Jr.,BKN,38333050,38333050.0,38333050,2018.0,1.0,14.0,,,,,
666508,Nicolas Claxton,BKN,25541760,25541760.0,25352272,2019.0,2.0,31.0,,,,,
666743,Terance Mann,BKN,15500000,15500000.0,15500000,2019.0,2.0,48.0,,,,,
1057266813,Egor Demin,BKN,6889200,6889200.0,6889200,2025.0,1.0,8.0,Rookie,rookie-scale-exception,2025.0,2028.0,31340682.0
38017620,Ochai Agbaji,BKN,6383525,2421337.0,6383525,2022.0,1.0,14.0,Rookie,rookie-scale-exception,2022.0,2025.0,18726365.0
17896038,Day'Ron Sharpe,BKN,6250000,6250000.0,6250000,2021.0,1.0,29.0,,,,,
17896027,Ziaire Williams,BKN,6250000,6250000.0,6250000,2021.0,1.0,10.0,,,,,
1057275262,Nolan Traoré,BKN,3811560,3811560.0,3811560,2025.0,1.0,19.0,Rookie,rookie-scale-exception,2025.0,2028.0,18463882.0
56677843,Noah Clowney,BKN,3398640,3398640.0,3398640,2023.0,1.0,21.0,Rookie,rookie-scale-exception,2023.0,2026.0,15146274.0
1057279425,Drake Powell,BKN,3372240,3372240.0,3372240,2025.0,1.0,22.0,Rookie,rookie-scale-exception,2025.0,2028.0,16723992.0
1057279760,Ben Saraf,BKN,2884560,2884560.0,2884560,2025.0,1.0,26.0,Rookie,rookie-scale-exception,2025.0,2028.0,14806816.0
1057280779,Danny Wolf,BKN,2801280,2801280.0,2801280,2025.0,1.0,27.0,Rookie,rookie-scale-exception,2025.0,2028.0,14384200.0
38017715,Josh Minott,BKN,2378870,902330.0,2378870,2022.0,2.0,45.0,,,,,
56677871,Hunter Tyson,BKN,2221677,842705.0,2221677,2023.0,2.0,37.0,,,,,
56677722,Jalen Wilson,BKN,2221677,2221677.0,2221677,2023.0,2.0,51.0,,,,,
38017722,Tyrese Martin,BKN,2191897,2191897.0,2191897,2022.0,2.0,51.0,,,,,
24102396,Trevon Scott,BKN,117730,117730.0,117730,,,,,,,,
1059875475,Grant Nelson,BKN,73153,73153.0,73153,,,,,,,,
1059753274,Malachi Smith,BKN,65838,65838.0,65838,,,,,,,,
434,Jayson Tatum,BOS,54126450,54126450.0,54126450,2017.0,1.0,3.0,,,,,
70,Jaylen Brown,BOS,53142264,53142264.0,53142264,2016.0,1.0,3.0,,,,,
473,Derrick White,BOS,28100000,26350000.0,26350000,2017.0,1.0,29.0,,,,,
460,Nikola Vucevic,BOS,21481481,8148148.0,21481481,2011.0,1.0,16.0,,,,,
17896060,Sam Hauser,BOS,10044644,10044644.0,10044644,,,,,,,,
3547276,Payton Pritchard,BOS,7232143,7232143.0,7232143,2020.0,1.0,26.0,,,,,
1057277425,Hugo González,BOS,2783880,2783880.0,2783880,2025.0,1.0,28.0,Rookie,rookie-scale-exception,2025.0,2028.0,14298145.0
1028028434,Baylor Scheierman,BOS,2619000,2619000.0,2619000,2024.0,1.0,30.0,Rookie,rookie-scale-exception,2024.0,2027.0,12810353.0
17896056,Luka Garza,BOS,2461463,2461463.0,2461463,2021.0,2.0,52.0,,,,,
17553967,Neemias Queta,BOS,2349578,2349578.0,2349578,2021.0,2.0,39.0,,,,,
58,Chris Boucher,BOS,2296274,3287409.0,3287409,,,,,,,,
56677864,Jordan Walsh,BOS,2221677,2221677.0,2221677,2023.0,2.0,38.0,,,,,
1057396966,Amari Williams,BOS,490128,490128.0,490128,2025.0,2.0,46.0,,,,,
1057396191,Max Shulga,BOS,212145,212145.0,212145,2025.0,2.0,57.0,,,,,
38017717,Ron Harper Jr.,BOS,123045,123045.0,123045,,,,,,,,
1057396603,John Tonje,BOS,73153,73153.0,73153,2025.0,2.0,53.0,,,,,
17896094,Dalano Banton,BOS,28293,28293.0,28293,2021.0,2.0,46.0,,,,,
3547239,LaMelo Ball,CHA,37958760,37958760.0,37958760,2020.0,1.0,3.0,,,,,
62,Miles Bridges,CHA,25000000,25000000.0,25000000,2018.0,1.0,12.0,,,,,
3547258,Josh Green,CHA,13666667,13666667.0,13666667,2020.0,1.0,18.0,,,,,
666965,Grant Williams,CHA,13645500,13645500.0,13645500,2019.0,1.0,22.0,,,,,
666956,Coby White,CHA,12888889,12888889.0,12888889,2019.0,1.0,7.0,,,,,
56677823,Brandon Miller,CHA,11968800,11968800.0,11968800,2023.0,1.0,2.0,Rookie,rookie-scale-exception,2023.0,2026.0,49378426.0
1057263194,Kon Knueppel,CHA,10015680,10015680.0,10015680,2025.0,1.0,4.0,Rookie,rookie-scale-exception,2025.0,2028.0,45487014.0
17896036,Tre Mann,CHA,8000000,8000000.0,8000000,2021.0,1.0,18.0,,,,,
1028028379,Tidjane Salaun,CHA,7863240,7863240.0,7863240,2024.0,1.0,6.0,Rookie,rookie-scale-exception,2024.0,2027.0,34035473.0
38017692,Malaki Branham,CHA,4962033,1882150.0,4962033,2022.0,1.0,20.0,Rookie,rookie-scale-exception,2022.0,2025.0,14177433.0
1057278805,Liam McNeeley,CHA,2763960,2763960.0,2763960,2025.0,1.0,29.0,Rookie,rookie-scale-exception,2025.0,2028.0,14194138.0
3547285,Xavier Tillman,CHA,2546675,965980.0,2546675,2020.0,2.0,35.0,,,,,
1057384156,Sion James,CHA,2296274,2296274.0,2296274,2025.0,2.0,33.0,,,,,
1057384362,Ryan Kalkbrenner,CHA,2296274,2296274.0,2296274,2025.0,2.0,34.0,,,,,
38017725,Moussa Diabate,CHA,2270735,2270735.0,2270735,2022.0,2.0,43.0,,,,,
105,Pat Connaughton,CHA,1315814,1315814.0,1315814,2015.0,2.0,41.0,,,,,
419,Anfernee Simons,CHI,27678571,10498768.0,27678571,2018.0,1.0,24.0,,,,,
17896065,Josh Giddey,CHI,25000000,25000000.0,25000000,2021.0,1.0,6.0,,,,,
413,Collin Sexton,CHI,19175000,19175000.0,18975000,2018.0,1.0,8.0,,,,,
102,Zach Collins,CHI,18080496,18080496.0,18080496,2017.0,1.0,10.0,,,,,
3547248,Patrick Williams,CHI,18000000,18000000.0,18000000,2020.0,1.0,4.0,,,,,
3547247,Isaac Okoro,CHI,11000000,11000000.0,11000000,2020.0,1.0,5.0,,,,,
38017682,Jaden Ivey,CHI,10107163,3949926.0,10107163,2022.0,1.0,5.0,Rookie,rookie-scale-exception,2022.0,2025.0,32951083.0
3547264,Jalen Smith,CHI,9000000,9000000.0,9000000,2020.0,1.0,10.0,,,,,
3547274,Tre Jones,CHI,8000000,8000000.0,8000000,2020.0,2.0,41.0,,,,,
1028025639,Rob Dillingham,CHI,6576120,2494390.0,6576120,2024.0,1.0,8.0,Rookie,rookie-scale-exception,2024.0,2027.0,28491576.0
488,Guerschon Yabusele,CHI,5500000,2086207.0,5500000,2016.0,1.0,16.0,,,,,
1028025177,Matas Buzelis,CHI,5455560,5455560.0,5455560,2024.0,1.0,11.0,Rookie,rookie-scale-exception,2024.0,2027.0,23950723.0
1057272081,Noa Essengue,CHI,5429520,5429520.0,5429520,2025.0,1.0,12.0,Rookie,rookie-scale-exception,2025.0,2028.0,25333944.0
3547282,Nick Richards,CHI,5000000,1896552.0,5000000,2020.0,2.0,42.0,,,,,
56677782,Leonard Miller,CHI,2221677,842705.0,2221677,2023.0,2.0,33.0,,,,,
377705601,Mouhamadou Gueye,CHI,47092,47092.0,47092,,,,,,,,
322,Donovan Mitchell,CLE,46394100,46394100.0,46394100,2017.0,1.0,13.0,,,,,
17896076,Evan Mobley,CLE,46394100,46394100.0,46394100,2021.0,1.0,3.0,,,,,
192,James Harden,CLE,39446090,15312777.0,39182693,2009.0,1.0,3.0,,,,,
9,Jarrett Allen,CLE,20000000,20000000.0,20000000,2017.0,1.0,22.0,,,,,
666908,Max Strus,CLE,15936452,15936452.0,15936452,,,,,,,,
409,Dennis Schroder,CLE,14104000,5755080.0,14104000,2013.0,1.0,17.0,,,,,
3547299,Sam Merrill,CLE,8482144,8482144.0,8482144,2020.0,2.0,60.0,,,,,
666940,Dean Wade,CLE,6623456,6623456.0,6623456,,,,,,,,
1028028993,Jaylon Tyson,CLE,3492480,3492480.0,3492480,2024.0,1.0,20.0,Rookie,rookie-scale-exception,2024.0,2027.0,16118700.0
38017714,Keon Ellis,CLE,2301587,939153.0,2301587,,,,,,,,
340,Larry Nance Jr.,CLE,2296274,3634153.0,3634153,2015.0,1.0,27.0,,,,,
74,Thomas Bryant,CLE,2296274,3287409.0,3287409,2017.0,2.0,42.0,,,,,
56677872,Craig Porter,CLE,2221677,2221677.0,2221677,,,,,,,,
1057395754,Tyrese Proctor,CLE,1272870,1272870.0,1272870,2025.0,2.0,49.0,,,,,
1042560902,Nae'Qwan Tomlin,CLE,718150,718150.0,718150,,,,,,,,
228,Kyrie Irving,DAL,36566002,36566002.0,36566002,2011.0,1.0,1.0,,,,,
315,Khris Middleton,DAL,35086419,35086419.0,33296296,2012.0,2.0,39.0,,,,,
443,Klay Thompson,DAL,16666667,16666667.0,16666667,2011.0,1.0,11.0,,,,,
666577,Daniel Gafford,DAL,14386320,14386320.0,14386320,2019.0,2.0,38.0,,,,,
666950,P.J. Washington,DAL,14152174,14152174.0,14152174,2019.0,1.0,12.0,,,,,
1057262088,Cooper Flagg,DAL,13825920,13825920.0,13825920,2025.0,1.0,1.0,Rookie,rookie-scale-exception,2025.0,2028.0,62730226.0
666747,Caleb Martin,DAL,9594044,8556451.0,8556451,,,,,,,,
3547293,Naji Marshall,DAL,9000000,9000000.0,9000000,,,,,,,,
38017697,Max Christie,DAL,7714286,7714286.0,7714286,2022.0,2.0,35.0,,,,,
56677840,Dereck Lively II,DAL,5253360,5253360.0,5253360,2023.0,1.0,12.0,Rookie,rookie-scale-exception,2023.0,2026.0,22282691.0
379,Dwight Powell,DAL,4000000,4000000.0,4000000,2014.0,2.0,45.0,,,,,
1028026717,AJ Johnson,DAL,3090480,1207774.0,3090480,2024.0,1.0,23.0,Rookie,rookie-scale-exception,2024.0,2027.0,14616288.0
24,Marvin Bagley III,DAL,2296274,1204038.0,3080921,2018.0,1.0,2.0,,,,,
24489167,Brandon Williams,DAL,2270735,2270735.0,2270735,,,,,,,,
1057847894,Ryan Nembhard,DAL,321875,321875.0,321875,,,,,,,,
17896021,Jeremiah Robinson-Earl,DAL,131970,141463.0,141463,2021.0,2.0,32.0,,,,,
246,Nikola Jokic,DEN,55224526,55224526.0,55224526,2014.0,2.0,41.0,,,,,
335,Jamal Murray,DEN,46394100,46394100.0,46394100,2016.0,1.0,7.0,,,,,
177,Aaron Gordon,DEN,22841455,22841455.0,22841455,2014.0,1.0,4.0,,,,,
666679,Cameron Johnson,DEN,21057065,20543478.0,20543478,2019.0,1.0,11.0,,,,,
455,Jonas Valanciunas,DEN,10395000,10395000.0,10395000,2011.0,1.0,5.0,,,,,
3547268,Zeke Nnaji,DEN,8177778,8177778.0,8177778,2020.0,1.0,22.0,,,,,
38017709,Christian Braun,DEN,4921797,4921797.0,4921797,2022.0,1.0,21.0,Rookie,rookie-scale-exception,2022.0,2025.0,13769157.0
38017721,Peyton Watson,DEN,4356476,4356476.0,4356476,2022.0,1.0,30.0,Rookie,rookie-scale-exception,2022.0,2025.0,11267516.0
1028026514,DaRon Holmes II,DEN,3218760,3218760.0,3218760,2024.0,1.0,22.0,Rookie,rookie-scale-exception,2024.0,2027.0,15203658.0
56677776,Julian Strawther,DEN,2674200,2674200.0,2674200,2023.0,1.0,29.0,Rookie,rookie-scale-exception,2023.0,2026.0,12484731.0
69,Bruce Brown,DEN,2296274,3080921.0,3080921,2018.0,2.0,42.0,,,,,
191,Tim Hardaway Jr.,DEN,2296274,3634153.0,3634153,2013.0,1.0,24.0,,,,,
56677582,Jalen Pickett,DEN,2221677,2221677.0,2221677,2023.0,2.0,32.0,,,,,
1028255289,Spencer Jones,DEN,623967,623967.0,623967,,,,,,,,
249,Tyus Jones,DEN,514682,814552.0,814552,2015.0,1.0,24.0,,,,,
17896075,Cade Cunningham,DET,46394100,46394100.0,46394100,2021.0,1.0,1.0,,,,,
200,Tobias Harris,DET,26634146,26634146.0,26634146,2011.0,1.0,19.0,,,,,
221,Kevin Huerter,DET,17991071,7030993.0,17991071,2018.0,1.0,19.0,,,,,
397,Duncan Robinson,DET,16834692,16834692.0,16834692,,,,,,,,
3547267,Isaiah Stewart,DET,15000000,15000000.0,15000000,2020.0,1.0,16.0,,,,,
277,Caris LeVert,DET,14104000,14104000.0,14104000,2016.0,1.0,20.0,,,,,
56677826,Ausar Thompson,DET,8775000,8775000.0,8775000,2023.0,1.0,5.0,Rookie,rookie-scale-exception,2023.0,2026.0,36246405.0
1028026508,Ronald Holland II,DET,8657280,8657280.0,8657280,2024.0,1.0,5.0,Rookie,rookie-scale-exception,2024.0,2027.0,37463383.0
38017694,Jalen Duren,DET,6483144,6483144.0,6483144,2022.0,1.0,13.0,Rookie,rookie-scale-exception,2022.0,2025.0,19474944.0
407,Dario Saric,DET,5426400,2214221.0,5426400,2014.0,1.0,12.0,,,,,
3547270,Paul Reed,DET,5335894,5335894.0,5335894,2020.0,2.0,58.0,,,,,
1028240128,Daniss Jenkins,DET,3809524,3809524.0,3809524,,,,,,,,
56677792,Marcus Sasser,DET,2886720,2886720.0,2886720,2023.0,1.0,25.0,Rookie,rookie-scale-exception,2023.0,2026.0,13464823.0
666604,Javonte Green,DET,2296274,2874436.0,2874436,,,,,,,,
1028036878,Bobi Klintman,DET,1955377,1955377.0,1955377,2024.0,2.0,37.0,,,,,
1028205331,Isaac Jones,DET,1955377,1955377.0,1955377,,,,,,,,
1057389625,Chaz Lanier,DET,1272870,1272870.0,1272870,2025.0,2.0,37.0,,,,,
1028267166,Tolu Smith,DET,70638,70638.0,70638,,,,,,,,
115,Stephen Curry,GSW,59606817,59606817.0,59606817,2009.0,1.0,7.0,,,,,
79,Jimmy Butler,GSW,54126450,54126450.0,54126450,2011.0,1.0,30.0,,,,,
378,Kristaps Porzingis,GSW,30731707,11656854.0,30731707,2015.0,1.0,4.0,,,,,
185,Draymond Green,GSW,25892857,25892857.0,25892857,2012.0,2.0,35.0,,,,,
17553992,Moses Moody,GSW,11574075,11574075.0,11574075,2021.0,1.0,14.0,,,,,
219,Al Horford,GSW,5685000,5685000.0,5685000,2007.0,1.0,3.0,,,,,
56677858,Brandin Podziemski,GSW,3687960,,3687960,2023.0,1.0,19.0,Rookie,rookie-scale-exception,2023.0,2026.0,16239819.0
313,De'Anthony Melton,GSW,3080921,3080921.0,3080921,2018.0,2.0,46.0,,,,,
2189,Gary Payton II,GSW,2296274,3303774.0,3303774,,,,,,,,
57875092,Gui Santos,GSW,2221677,2221677.0,2221677,2022.0,2.0,55.0,,,,,
1028047928,Quinten Post,GSW,1955377,1955377.0,1955377,2024.0,2.0,52.0,,,,,
114,Seth Curry,GSW,1755198,2777830.0,2777830,,,,,,,,
1057395872,Will Richard,GSW,1272870,1272870.0,1272870,2025.0,2.0,56.0,,,,,
795959473,Pat Spencer,GSW,857804,857804.0,857804,,,,,,,,
11891374,Omer Yurtseven,GSW,131970,141463.0,141463,,,,,,,,
17895854,Charles Bassey,GSW,105576,113171.0,113171,2021.0,2.0,53.0,,,,,
140,Kevin Durant,HOU,54708609,53282608.0,53282608,2007.0,1.0,2.0,,,,,
17896062,Alperen Sengun,HOU,33944954,33944954.0,33944954,2021.0,1.0,16.0,,,,,
458,Fred VanVleet,HOU,25000000,25000000.0,25000000,,,,,,,,
3,Steven Adams,HOU,14130435,14130435.0,14130434,2013.0,1.0,12.0,,,,,
158,Dorian Finney-Smith,HOU,12700000,12700000.0,12700000,,,,,,,,
38017684,Jabari Smith Jr.,HOU,12350392,12350392.0,12350392,2022.0,1.0,3.0,Rookie,rookie-scale-exception,2022.0,2025.0,40330432.0
1028028519,Reed Sheppard,HOU,10603560,10603560.0,10603560,2024.0,1.0,3.0,Rookie,rookie-scale-exception,2024.0,2027.0,45853025.0
56677825,Amen Thompson,HOU,9690600,9690600.0,9690600,2023.0,1.0,4.0,Rookie,rookie-scale-exception,2023.0,2026.0,40008489.0
83,Clint Capela,HOU,6700000,6700000.0,6700000,2014.0,1.0,25.0,,,,,
38017695,Tari Eason,HOU,5675766,5675766.0,5675766,2022.0,1.0,17.0,Rookie,rookie-scale-exception,2022.0,2025.0,16257246.0
356,Josh Okogie,HOU,2296274,3080921.0,3080921,2018.0,1.0,20.0,,,,,
213,Aaron Holiday,HOU,2296274,3080921.0,3080921,2018.0,1.0,23.0,,,,,
3547301,Jae'Sean Tate,HOU,2296274,2667947.0,2667947,,,,,,,,
188,Jeff Green,HOU,2296274,3634153.0,3634153,2007.0,1.0,5.0,,,,,
38017707,JD Davison,HOU,82030,82030.0,82030,2022.0,2.0,53.0,,,,,
3547245,Tyrese Haliburton,IND,45550512,45550512.0,45550512,2020.0,1.0,12.0,,,,,
416,Pascal Siakam,IND,45550512,45550512.0,45550512,2016.0,1.0,27.0,,,,,
493,Ivica Zubac,IND,18893980,6866276.0,18102000,2016.0,2.0,32.0,,,,,
38017507,Andrew Nembhard,IND,18102000,18102000.0,18102000,2022.0,2.0,31.0,,,,,
3547243,Obi Toppin,IND,14000000,14000000.0,14000000,2020.0,1.0,8.0,,,,,
3547250,Aaron Nesmith,IND,11000000,11000000.0,11000000,2020.0,1.0,14.0,,,,,
304,T.J. McConnell,IND,10200000,10200000.0,10200000,2015.0,0.0,,,,,,
56677832,Jarace Walker,IND,6665520,6665520.0,6665520,2023.0,1.0,8.0,Rookie,rookie-scale-exception,2023.0,2026.0,27566102.0
56677861,Ben Sheppard,IND,2790720,2790720.0,2790720,2023.0,1.0,26.0,Rookie,rookie-scale-exception,2023.0,2026.0,13023429.0
56677849,Kobe Brown,IND,2654880,1007023.0,2654880,2023.0,1.0,30.0,Rookie,rookie-scale-exception,2023.0,2026.0,12394179.0
17896103,Jay Huff,IND,2349578,2349578.0,2349578,,,,,,,,
330,Monte Morris,IND,2071925,2966225.0,2966225,2017.0,2.0,51.0,,,,,
1028035897,Johnny Furphy,IND,1955377,1955377.0,1955377,2024.0,2.0,35.0,,,,,
666754,Garrison Mathews,IND,1623228,2031929.0,2031929,,,,,,,,
19465584,Micah Potter,IND,1527805,1527805.0,1527805,,,,,,,,
1057389374,Kam Jones,IND,1272870,1272870.0,1272870,2025.0,2.0,38.0,,,,,
44477085,Quenton Jackson,IND,601553,601553.0,601553,,,,,,,,
666748,Cody Martin,IND,131970,165197.0,165197,2019.0,2.0,36.0,,,,,
3547240,James Wiseman,IND,131970,153330.0,153330,2020.0,1.0,2.0,,,,,
1028255881,Gabe McGlothan,IND,73153,73153.0,73153,,,,,,,,
274,Kawhi Leonard,LAC,50000000,50000000.0,50000000,2011.0,1.0,15.0,,,,,
666581,Darius Garland,LAC,39446090,15415713.0,39446090,2019.0,1.0,5.0,,,,,
101,John Collins,LAC,26580000,26580000.0,26580000,2017.0,1.0,19.0,,,,,
53,Bogdan Bogdanovic,LAC,16020000,16020000.0,16020000,2014.0,1.0,27.0,,,,,
247,Derrick Jones Jr.,LAC,10000000,10000000.0,10000000,,,,,,,,
38017686,Bennedict Mathurin,LAC,9187573,3484941.0,9187573,2022.0,1.0,6.0,Rookie,rookie-scale-exception,2022.0,2025.0,29936173.0
283,Brook Lopez,LAC,8750000,8750000.0,8750000,2008.0,1.0,10.0,,,,,
17896035,Isaiah Jackson,LAC,7600000,2882759.0,7600000,2021.0,1.0,22.0,,,,,
33,Nicolas Batum,LAC,5601600,5601600.0,5601600,2008.0,1.0,25.0,,,,,
139,Kris Dunn,LAC,5426400,5426400.0,5426400,2016.0,1.0,5.0,,,,,
37,Bradley Beal,LAC,5354000,5354000.0,5354000,2012.0,1.0,3.0,,,,,
1057279105,Yanic Konan Niederhauser,LAC,2743800,2743800.0,2743800,2025.0,1.0,30.0,Rookie,rookie-scale-exception,2025.0,2028.0,14091596.0
1028035215,Cam Christie,LAC,1955377,1955377.0,1955377,2024.0,2.0,46.0,,,,,
56677856,Jordan Miller,LAC,712637,712637.0,712637,2023.0,2.0,48.0,,,,,
1057396055,Kobe Sanders,LAC,475497,475497.0,475497,2025.0,2.0,50.0,,,,,
237,LeBron James,LAL,52627153,52627153.0,52627153,2003.0,1.0,1.0,,,,,
132,Luka Doncic,LAL,45999660,45999660.0,45999660,2018.0,1.0,3.0,,,,,
666609,Rui Hachimura,LAL,18259259,18259259.0,18259259,2019.0,1.0,9.0,,,,,
17553995,Austin Reaves,LAL,13937574,13937574.0,13937574,,,,,,,,
457,Jarred Vanderbilt,LAL,11571429,11571429.0,11571429,2018.0,2.0,41.0,,,,,
254,Luke Kennard,LAL,11000000,6827586.0,11000000,2017.0,1.0,12.0,,,,,
257,Maxi Kleber,LAL,11000000,11000000.0,11000000,,,,,,,,
22,Deandre Ayton,LAL,8104000,8104000.0,8104000,2018.0,1.0,1.0,,,,,
38017728,Jake LaRavia,LAL,6000000,6000000.0,6000000,2022.0,1.0,19.0,Free Agent,Non-Taxpayer MLE,2025.0,2026.0,12000000.0
420,Marcus Smart,LAL,5134000,5134000.0,5134000,2014.0,1.0,6.0,,,,,
1028026974,Dalton Knecht,LAL,4010160,4010160.0,4010160,2024.0,1.0,17.0,Rookie,rookie-scale-exception,2024.0,2027.0,18483220.0
666626,Jaxson Hayes,LAL,3449323,3449323.0,3449323,2019.0,1.0,8.0,,,,,
1028046517,Bronny James,LAL,1955377,1955377.0,1955377,2024.0,2.0,55.0,,,,,
1057386376,Adou Thiero,LAL,1272870,1272870.0,1272870,2025.0,2.0,36.0,,,,,
56677838,Kobe Bufkin,LAL,844607,844607.0,844607,2023.0,1.0,15.0,ten-day,,2025.0,2025.0,131970.0
56677846,Nick Smith Jr.,LAL,13197,13197.0,13197,2023.0,1.0,27.0,rest-of-season,Minimum,2025.0,2026.0,2511009.0
666786,Ja Morant,MEM,39446090,39446090.0,39446090,2019.0,1.0,2.0,,,,,
81,Kentavious Caldwell-Pope,MEM,21621500,21621500.0,21621500,2013.0,1.0,8.0,,,,,
17896067,Santi Aldama,MEM,18485916,18485916.0,18485916,2021.0,1.0,30.0,,,,,
666505,Brandon Clarke,MEM,12500000,12500000.0,12500000,2019.0,1.0,21.0,,,,,
666676,Ty Jerome,MEM,8781000,8781000.0,8781000,2019.0,1.0,24.0,,,,,
344,Georges Niang,MEM,8200000,3204598.0,8200000,2016.0,2.0,50.0,,,,,
56677824,Taylor Hendricks,MEM,6127080,6127080.0,6127080,2023.0,1.0,9.0,Rookie,rookie-scale-exception,2023.0,2026.0,25351580.0
1028025754,Zach Edey,MEM,6045000,6045000.0,6045000,2024.0,1.0,9.0,Rookie,rookie-scale-exception,2024.0,2027.0,26202577.0
1057266649,Cedric Coward,MEM,5715120,5715120.0,5715120,2025.0,1.0,11.0,Rookie,rookie-scale-exception,2025.0,2028.0,26345863.0
1057271583,Walter Clayton Jr.,MEM,3991320,1559826.0,3991320,2025.0,1.0,18.0,Rookie,rookie-scale-exception,2025.0,2028.0,19324472.0
1028048549,Cam Spencer,MEM,2537989,2537989.0,2537989,2024.0,2.0,53.0,,,,,
178,Eric Gordon,MEM,2296274,1378472.0,3634153,2008.0,1.0,7.0,,,,,
38017656,Scotty Pippen Jr.,MEM,2270735,2270735.0,2270735,,,,,,,,
56677830,GG Jackson,MEM,2221677,2221677.0,2221677,2023.0,2.0,45.0,,,,,
1028039105,Jaylen Wells,MEM,1955377,1955377.0,1955377,2024.0,2.0,39.0,,,,,
173,Taj Gibson,MEM,960753,960753.0,960753,2009.0,1.0,26.0,,,,,
56677859,Olivier-Maxence Prosper,MEM,527879,527879.0,527879,2023.0,1.0,24.0,rest-of-season,Minimum,2025.0,2026.0,3025691.0
38017710,Christian Koloko,MEM,131970,131970.0,131970,2022.0,2.0,33.0,,,,,
17554002,DeJon Jarreau,MEM,131970,131970.0,131970,,,,,,,,
1057847334,Lawson Lovering,MEM,87784,87784.0,87784,,,,,,,,
1080278663,Toby Okani,MEM,73153,73153.0,73153,,,,,,,,
1057845216,Tyler Burton,MEM,73153,73153.0,73153,,,,,,,,
1060015883,Adama Bal,MEM,43892,43892.0,43892,,,,,,,,
1080034288,Lucas Williamson,MEM,21946,21946.0,21946,,,,,,,,
4,Bam Adebayo,MIA,37096620,37096620.0,37096620,2017.0,1.0,14.0,,,,,
666633,Tyler Herro,MIA,31000000,31000000.0,31000000,2019.0,1.0,13.0,,,,,
475,Andrew Wiggins,MIA,28223215,28223215.0,28223215,2014.0,1.0,1.0,,,,,
403,Terry Rozier,MIA,26643031,26643031.0,26643031,2015.0,1.0,16.0,,,,,
380,Norman Powell,MIA,20482758,20482758.0,20482758,2015.0,2.0,46.0,,,,,
17553994,Davion Mitchell,MIA,11600000,11600000.0,11600000,2021.0,1.0,9.0,,,,,
38017739,Simone Fontecchio,MIA,8307692,8307692.0,8307692,,,,,,,,
38017696,Nikola Jovic,MIA,4445417,4445417.0,4445417,2022.0,1.0,27.0,Rookie,rookie-scale-exception,2022.0,2025.0,11501537.0
1028029127,Kel'el Ware,MIA,4443360,4443360.0,4443360,2024.0,1.0,15.0,Rookie,rookie-scale-exception,2024.0,2027.0,20466072.0
56677785,Jaime Jaquez Jr.,MIA,3861600,3861600.0,3861600,2023.0,1.0,18.0,Rookie,rookie-scale-exception,2023.0,2026.0,16997141.0
1057272939,Kasparas Jakučionis,MIA,3658800,3658800.0,3658800,2025.0,1.0,20.0,Rookie,rookie-scale-exception,2025.0,2028.0,17730607.0
19465585,Dru Smith,MIA,2378870,2378870.0,2378870,,,,,,,,
1028125584,Keshad Johnson,MIA,1955377,1955377.0,1955377,,,,,,,,
1028036986,Pelle Larsson,MIA,1955377,1955377.0,1955377,2024.0,2.0,44.0,,,,,
1057846109,Myron Gardner,MIA,395029,395029.0,395029,,,,,,,,
1028257937,Jahmir Young,MIA,23546,23546.0,23546,,,,,,,,
15,Giannis Antetokounmpo,MIL,54126450,54126450.0,54126450,2013.0,1.0,15.0,,,,,
452,Myles Turner,MIL,25318251,25318251.0,25318251,2015.0,1.0,11.0,,,,,
265,Kyle Kuzma,MIL,22560605,22227272.0,21477272,2017.0,1.0,27.0,,,,,
377,Bobby Portis,MIL,13445754,13445754.0,13445754,2015.0,1.0,22.0,,,,,
38017716,Ousmane Dieng,MIL,6670882,2530335.0,6670882,2022.0,1.0,11.0,Rookie,rookie-scale-exception,2022.0,2025.0,21066202.0
666849,Kevin Porter Jr.,MIL,5134000,5134000.0,5134000,2019.0,1.0,30.0,,,,,
38017712,Ryan Rollins,MIL,4000000,4000000.0,4000000,2022.0,2.0,44.0,,,,,
3089,Gary Trent Jr.,MIL,3697105,3697105.0,3697105,2018.0,2.0,37.0,,,,,
196,Gary Harris,MIL,3634153,3634153.0,3634153,2014.0,1.0,19.0,,,,,
383,Taurean Prince,MIL,3303774,3303774.0,3303774,2016.0,1.0,12.0,,,,,
17896063,Jericho Sims,MIL,2461463,2461463.0,2461463,2021.0,2.0,58.0,,,,,
38017733,A.J. Green,MIL,2301587,2301587.0,2301587,,,,,,,,
2148,Thanasis Antetokounmpo,MIL,2296274,2874436.0,2874436,2014.0,2.0,51.0,,,,,
56677852,Andre Jackson Jr.,MIL,2221677,2221677.0,2221677,2023.0,2.0,36.0,,,,,
17896048,Cam Thomas,MIL,844607,905366.0,905366,2021.0,1.0,27.0,,,,,
64270026,Pete Nance,MIL,600000,600000.0,600000,,,,,,,,
3547238,Anthony Edwards,MIN,45550512,45550512.0,45550512,2020.0,1.0,1.0,,,,,
176,Rudy Gobert,MIN,35000000,35000000.0,35000000,2013.0,1.0,27.0,,,,,
387,Julius Randle,MIN,30864198,30864198.0,30864198,2014.0,1.0,7.0,,,,,
3547259,Jaden McDaniels,MIN,24393103,24393103.0,24393103,2020.0,1.0,28.0,,,,,
667378,Naz Reid,MIN,21551724,21551724.0,21551724,,,,,,,,
131,Donte DiVincenzo,MIN,11990000,11990000.0,11990000,2018.0,1.0,17.0,,,,,
17895983,Ayo Dosunmu,MIN,7518518,2851852.0,7518518,2021.0,2.0,38.0,,,,,
1057271099,Joan Beringer,MIN,4201080,4201080.0,4201080,2025.0,1.0,17.0,Rookie,rookie-scale-exception,2025.0,2028.0,20331643.0
1028028501,Terrence Shannon Jr.,MIN,2674080,2674080.0,2674080,2024.0,1.0,27.0,Rookie,rookie-scale-exception,2024.0,2027.0,13076519.0
17896031,Nah'Shon Hyland,MIN,2296274,2461463.0,2461463,2021.0,1.0,26.0,,,,,
226,Joe Ingles,MIN,2296274,3634153.0,3634153,,,,,,,,
56677857,Julian Phillips,MIN,2221677,842705.0,2221677,2023.0,2.0,35.0,,,,,
56677851,Jaylen Clark,MIN,2191897,2191897.0,2191897,2023.0,2.0,53.0,,,,,
104,Mike Conley,MIN,725834,1148727.0,1148727,2007.0,1.0,4.0,,,,,
12,Kyle Anderson,MIN,567470,898095.0,898095,2014.0,1.0,30.0,,,,,
666969,Zion Williamson,NOP,39446090,39446090.0,39446090,2019.0,1.0,1.0,,,,,
666848,Jordan Poole,NOP,31848215,31848215.0,31848215,2019.0,1.0,28.0,,,,,
334,Dejounte Murray,NOP,30801103,26783568.0,26783568,2016.0,1.0,29.0,,,,,
18677986,Trey Murphy III,NOP,25000000,25000000.0,25000000,2021.0,1.0,17.0,,,,,
17896024,Herbert Jones,NOP,13937574,13937574.0,13937574,2021.0,2.0,35.0,,,,,
282,Kevon Looney,NOP,8000000,8000000.0,8000000,2015.0,1.0,30.0,,,,,
1057267077,Jeremiah Fears,NOP,7520040,7520040.0,7520040,2025.0,1.0,7.0,Rookie,rookie-scale-exception,2025.0,2028.0,34193629.0
3547256,Saddiq Bey,NOP,6229755,6229755.0,6118644,2020.0,1.0,19.0,,,,,
1057274415,Derik Queen,NOP,5157960,5157960.0,5157960,2025.0,1.0,13.0,Rookie,rookie-scale-exception,2025.0,2028.0,24355798.0
56677837,Jordan Hawkins,NOP,4741320,4741320.0,4741320,2023.0,1.0,14.0,Rookie,rookie-scale-exception,2023.0,2026.0,20599055.0
1028027567,Yves Missi,NOP,3353040,3353040.0,3353040,2024.0,1.0,21.0,Rookie,rookie-scale-exception,2024.0,2027.0,15654827.0
250,DeAndre Jordan,NOP,2269880,3592381.0,3592381,2008.0,2.0,35.0,,,,,
1028245777,Karlo Matkovic,NOP,1955377,1830377.0,1830377,2022.0,2.0,52.0,,,,,
1057390538,Micah Peavy,NOP,1272870,1272870.0,1272870,2025.0,2.0,40.0,,,,,
38017708,Bryce McGowens,NOP,724598,724598.0,724598,2022.0,2.0,40.0,,,,,
447,Karl-Anthony Towns,NYK,53142264,53142264.0,53142264,2015.0,1.0,1.0,,,,,
18,OG Anunoby,NYK,39568966,39568966.0,39568966,2017.0,1.0,23.0,,,,,
73,Jalen Brunson,NYK,34944001,34944001.0,34944001,2018.0,2.0,33.0,,,,,
61,Mikal Bridges,NYK,24900000,24900000.0,24900000,2018.0,1.0,10.0,,,,,
202,Josh Hart,NYK,19472240,19472240.0,19472240,2017.0,1.0,30.0,,,,,
399,Mitchell Robinson,NYK,12954546,12954546.0,12954546,2018.0,2.0,36.0,,,,,
17896097,Jose Alvarado,NYK,4500000,1706897.0,4500000,,,,,,,,
17896033,Miles McBride,NYK,4333333,4333333.0,4333333,2021.0,2.0,36.0,,,,,
1028025498,Pacome Dadiet,NYK,2847600,2847600.0,2847600,2024.0,1.0,25.0,Rookie,rookie-scale-exception,2024.0,2027.0,13012968.0
666713,Romeo Langford,NYK,2296274,2461463.0,2461463,2019.0,1.0,14.0,,,,,
414,Landry Shamet,NYK,2296274,3080921.0,3080921,2018.0,1.0,26.0,,,,,
100,Jordan Clarkson,NYK,2296274,3634153.0,3634153,2014.0,2.0,46.0,,,,,
1028036898,Tyler Kolek,NYK,2191897,2191897.0,2191897,2024.0,2.0,34.0,,,,,
1028046422,Ariel Hukporti,NYK,1955377,1955377.0,1955377,2024.0,2.0,58.0,,,,,
1057393207,Mohamed Diawara,NYK,1272870,1272870.0,1272870,2025.0,2.0,51.0,,,,,
38017699,Jeremy Sochan,NYK,778622,806628.0,806628,2022.0,1.0,9.0,rest-of-season,Minimum,2025.0,2025.0,806628.0
175,Shai Gilgeous-Alexander,OKC,38333050,38333050.0,38333050,2018.0,1.0,11.0,,,,,
201,Isaiah Hartenstein,OKC,28500000,28500000.0,28500000,2017.0,2.0,43.0,,,,,
89,Alex Caruso,OKC,18102000,18102000.0,18102000,,,,,,,,
666541,Luguentz Dort,OKC,17722222,17722222.0,17722222,,,,,,,,
38017685,Chet Holmgren,OKC,13731368,13731368.0,13731368,2022.0,1.0,2.0,Rookie,rookie-scale-exception,2022.0,2025.0,44889248.0
3547272,Isaiah Joe,OKC,12362338,12362338.0,12362338,2020.0,2.0,49.0,,,,,
17896078,Aaron Wiggins,OKC,9887850,9887850.0,9672897,2021.0,2.0,55.0,,,,,
38017706,Jaylin Williams,OKC,8450704,8450704.0,8450704,2022.0,2.0,34.0,,,,,
480,Kenrich Williams,OKC,7163000,7163000.0,7163000,,,,,,,,
38017703,Jalen Williams,OKC,6580997,6580997.0,6580997,2022.0,1.0,12.0,Rookie,rookie-scale-exception,2022.0,2025.0,20256917.0
56677833,Cason Wallace,OKC,5820240,5820240.0,5820240,2023.0,1.0,10.0,Rookie,rookie-scale-exception,2023.0,2026.0,24088326.0
1028028932,Nikola Topic,OKC,5182920,5182920.0,5182920,2024.0,1.0,12.0,Rookie,rookie-scale-exception,2024.0,2027.0,23030850.0
1057274983,Thomas Sorber,OKC,4655040,4655040.0,4655040,2025.0,1.0,15.0,Rookie,rookie-scale-exception,2025.0,2028.0,22512733.0
1028027372,Jared McCain,OKC,4221360,1649727.0,4221360,2024.0,1.0,16.0,Rookie,rookie-scale-exception,2024.0,2027.0,19448588.0
1028037477,Ajay Mitchell,OKC,3000000,3000000.0,3000000,2024.0,2.0,38.0,,,,,
56677841,Dariq Whitehead,OKC,131970,131970.0,131970,2023.0,1.0,22.0,ten-day,Hardship,2025.0,2025.0,131970.0
17896026,Franz Wagner,ORL,38661750,38661750.0,38661750,2021.0,1.0,8.0,,,,,
3547287,Desmond Bane,ORL,36725670,36725670.0,36725670,2020.0,1.0,30.0,,,,,
17896073,Jalen Suggs,ORL,35000000,35000000.0,35000000,2021.0,1.0,5.0,,,,,
38017683,Paolo Banchero,ORL,15334769,15334769.0,15334769,2022.0,1.0,1.0,Rookie,rookie-scale-exception,2022.0,2025.0,50158769.0
229,Jonathan Isaac,ORL,15000000,15000000.0,15000000,2017.0,1.0,6.0,,,,,
85,Wendell Carter Jr.,ORL,10850000,10850000.0,10850000,2018.0,1.0,7.0,,,,,
666442,Goga Bitadze,ORL,8333333,8333333.0,8333333,2019.0,1.0,18.0,,,,,
56677827,Anthony Black,ORL,7970280,7970280.0,7970280,2023.0,1.0,6.0,Rookie,rookie-scale-exception,2023.0,2026.0,32929836.0
56677839,Jett Howard,ORL,5529720,5529720.0,5529720,2023.0,1.0,11.0,Rookie,rookie-scale-exception,2023.0,2026.0,23172779.0
462,Moritz Wagner,ORL,5000000,5000000.0,5000000,2018.0,1.0,25.0,,,,,
1028025497,Tristan Da Silva,ORL,3809520,3809520.0,3809520,2024.0,1.0,18.0,Rookie,rookie-scale-exception,2024.0,2027.0,17567626.0
1057279571,Jase Richardson,ORL,2983320,2983320.0,2983320,2025.0,1.0,25.0,Rookie,rookie-scale-exception,2025.0,2028.0,15308562.0
1057385481,Noah Penda,ORL,1272870,1272870.0,1272870,2025.0,2.0,32.0,,,,,
87,Jevon Carter,ORL,871000,1168625.0,1168625,2018.0,2.0,32.0,,,,,
38017734,Jamal Cain,ORL,328120,328120.0,328120,,,,,,,,
145,Joel Embiid,PHI,55224526,55224526.0,55224526,2014.0,1.0,3.0,,,,,
172,Paul George,PHI,51666090,51666090.0,51666090,2010.0,1.0,10.0,,,,,
3547254,Tyrese Maxey,PHI,37958760,37958760.0,37958760,2020.0,1.0,21.0,,,,,
1057261935,VJ Edgecombe,PHI,11108880,11108880.0,11108880,2025.0,1.0,3.0,Rookie,rookie-scale-exception,2025.0,2028.0,50438478.0
17895858,Quentin Grimes,PHI,8741209,8741209.0,8741209,2021.0,1.0,25.0,,,,,
360,Kelly Oubre Jr.,PHI,8382150,8382150.0,8382150,2015.0,1.0,15.0,,,,,
137,Andre Drummond,PHI,5000000,5000000.0,5000000,2012.0,1.0,9.0,,,,,
38017730,Dominick Barlow,PHI,3415000,3415000.0,3415000,,,,,,,,
17896058,Trendon Watford,PHI,2461463,2461463.0,2461463,,,,,,,,
286,Kyle Lowry,PHI,2296274,3634153.0,3634153,2006.0,1.0,24.0,,,,,
1028214238,Justin Edwards,PHI,2048494,2048494.0,2048494,,,,,,,,
1028034846,Adem Bona,PHI,1955377,1955377.0,1955377,2024.0,2.0,41.0,,,,,
1057382509,Johni Broome,PHI,1272870,1272870.0,1272870,2025.0,2.0,35.0,,,,,
38017711,Jabari Walker,PHI,724598,724598.0,724598,2022.0,2.0,57.0,,,,,
368,Cameron Payne,PHI,712637,1127841.0,1127841,2015.0,1.0,14.0,,,,,
38017719,Dalen Terry,PHI,125931,125931.0,125931,2022.0,1.0,18.0,rest-of-season,non-taxpayer-mid-level-exception,2025.0,2026.0,2710470.0
57,Devin Booker,PHX,53142264,53142264.0,53142264,2015.0,1.0,13.0,,,,,
17895966,Jalen Green,PHX,33584499,33333333.0,33333333,2021.0,1.0,2.0,,,,,
66,Dillon Brooks,PHX,22124110,22124110.0,21124110,2017.0,2.0,45.0,,,,,
8,Grayson Allen,PHX,16875000,16875000.0,16875000,2018.0,1.0,21.0,,,,,
351,Royce O'Neale,PHX,10125000,10125000.0,10125000,,,,,,,,
38017698,Mark Williams,PHX,6276531,6276531.0,6276531,2022.0,1.0,15.0,Rookie,rookie-scale-exception,2022.0,2025.0,18001011.0
1057268513,Khaman Maluach,PHX,6016080,6016080.0,6016080,2025.0,1.0,10.0,Rookie,rookie-scale-exception,2025.0,2028.0,27386800.0
1028025723,Ryan Dunn,PHX,2657760,2657760.0,2657760,2024.0,1.0,28.0,Rookie,rookie-scale-exception,2024.0,2027.0,12998353.0
18678058,Jordan Goodwin,PHX,2349578,2349578.0,2349578,,,,,,,,
3547251,Cole Anthony,PHX,2296274,1011980.0,2667947,2020.0,1.0,15.0,,,,,
666511,Amir Coffey,PHX,2296274,1090303.0,2874436,,,,,,,,
38017727,Collin Gillespie,PHX,2296274,2378870.0,2378870,,,,,,,,
2221,Nigel Hayes,PHX,2048494,2048494.0,2048494,,,,,,,,
1028036515,Oso Ighodaro,PHX,1955377,1955377.0,1955377,2024.0,2.0,40.0,,,,,
1057383369,Rasheer Fleming,PHX,1272870,1272870.0,1272870,2025.0,2.0,31.0,,,,,
3092,Haywood Highsmith,PHX,827984,827984.0,827984,2018.0,,,,,,,
44477062,Jamaree Bouyea,PHX,574210,574210.0,574210,,,,,,,,
214,Jrue Holiday,POR,32400000,32400000.0,32400000,2009.0,1.0,17.0,,,,,
182,Jerami Grant,POR,32000001,32000001.0,32000001,2014.0,2.0,39.0,,,,,
3547242,Deni Avdija,POR,14375000,14375000.0,14375000,2020.0,1.0,9.0,,,,,
278,Damian Lillard,POR,14104000,14104000.0,14104000,2012.0,1.0,6.0,,,,,
476,Robert Williams III,POR,13285713,13285713.0,13285713,2018.0,1.0,27.0,,,,,
666923,Matisse Thybulle,POR,11550000,11550000.0,11550000,2019.0,1.0,20.0,,,,,
56677747,Scoot Henderson,POR,10748040,10748040.0,10748040,2023.0,1.0,3.0,Rookie,rookie-scale-exception,2023.0,2026.0,44363603.0
38017690,Shaedon Sharpe,POR,8399983,8399983.0,8399983,2022.0,1.0,7.0,Rookie,rookie-scale-exception,2022.0,2025.0,27340903.0
1028025344,Donovan Clingan,POR,7178400,7178400.0,7178400,2024.0,1.0,7.0,Rookie,rookie-scale-exception,2024.0,2027.0,31085018.0
1057275769,Hansen Yang,POR,4422360,4422360.0,4422360,2025.0,1.0,16.0,Rookie,rookie-scale-exception,2025.0,2028.0,21393588.0
56677791,Kris Murray,POR,3132000,3132000.0,3132000,2023.0,1.0,23.0,Rookie,rookie-scale-exception,2023.0,2026.0,14284524.0
4197387,Vit Krejci,POR,2349578,958736.0,2349578,2020.0,2.0,37.0,,,,,
38017693,Blake Wesley,POR,2296274,2378870.0,2378870,2022.0,1.0,25.0,Free Agent,Minimum,2025.0,2025.0,2378870.0
56677850,Toumani Camara,POR,2221677,2221677.0,2221677,2023.0,2.0,52.0,,,,,
56677829,Rayan Rupert,POR,2221677,146307.0,2221677,2023.0,2.0,43.0,,,,,
56677817,Sidy Cissoko,POR,686243,686243.0,686243,2023.0,2.0,44.0,,,,,
268,Zach LaVine,SAC,47499660,45999660.0,45999660,2014.0,1.0,13.0,,,,,
406,Domantas Sabonis,SAC,42336000,42336000.0,42336000,2016.0,1.0,11.0,,,,,
125,DeMar DeRozan,SAC,24570000,24570000.0,24570000,2009.0,1.0,9.0,,,,,
666656,De'Andre Hunter,SAC,23303571,9508928.0,23303571,2019.0,1.0,4.0,,,,,
324,Malik Monk,SAC,18797619,18797619.0,18797619,2017.0,1.0,11.0,,,,,
38017688,Keegan Murray,SAC,11144093,11144093.0,11144093,2022.0,1.0,4.0,Rookie,rookie-scale-exception,2022.0,2025.0,36371093.0
1028025242,Devin Carter,SAC,4923720,4923720.0,4923720,2024.0,1.0,13.0,Rookie,rookie-scale-exception,2024.0,2027.0,22141697.0
1057276634,Nique Clifford,SAC,3108120,3108120.0,3108120,2025.0,1.0,24.0,Rookie,rookie-scale-exception,2025.0,2028.0,15769801.0
472,Russell Westbrook,SAC,2296274,3634153.0,3634153,2008.0,1.0,4.0,,,,,
147,Drew Eubanks,SAC,2296274,3080921.0,3080921,,,,,,,,
305,Doug McDermott,SAC,2296274,3634153.0,3634153,2014.0,1.0,11.0,,,,,
3547249,Precious Achiuwa,SAC,2111516,2453285.0,2453285,2020.0,1.0,20.0,,,,,
1057390745,Maxime Raynaud,SAC,1272870,1272870.0,1272870,2025.0,2.0,42.0,,,,,
1057845274,Dylan Cardwell,SAC,871000,871000.0,871000,,,,,,,,
3547241,Killian Hayes,SAC,444658,444658.0,444658,2020.0,1.0,7.0,,,,,
38017704,Patrick Baldwin Jr.,SAC,136717,136717.0,136717,2022.0,1.0,28.0,ten-day,Minimum,2025.0,2025.0,136717.0
666675,DaQuan Jeffries,SAC,131970,165197.0,165197,,,,,,,,
161,De'Aaron Fox,SAS,37096620,37096620.0,37096620,2017.0,1.0,5.0,,,,,
3547246,Devin Vassell,SAS,27500000,27500000.0,27000000,2020.0,1.0,11.0,,,,,
30,Harrison Barnes,SAS,19000000,19000000.0,19000000,2012.0,1.0,7.0,,,,,
666682,Keldon Johnson,SAS,18000000,18000000.0,17500000,2019.0,1.0,29.0,,,,,
358,Kelly Olynyk,SAS,13445122,13445122.0,13445122,2013.0,1.0,13.0,,,,,
56677822,Victor Wembanyama,SAS,13376880,13376880.0,13376880,2023.0,1.0,1.0,Rookie,rookie-scale-exception,2023.0,2026.0,55174766.0
1057262518,Dylan Harper,SAS,12370320,12370320.0,12370320,2025.0,1.0,2.0,Rookie,rookie-scale-exception,2025.0,2028.0,56140114.0
261,Luke Kornet,SAS,11000000,11000000.0,11000000,,,,,,,,
1028025261,Stephon Castle,SAS,9560520,9560520.0,9560520,2024.0,1.0,4.0,Rookie,rookie-scale-exception,2024.0,2027.0,41351699.0
1057271360,Carter Bryant,SAS,4900320,4900320.0,4900320,2025.0,1.0,14.0,Rookie,rookie-scale-exception,2025.0,2028.0,23419859.0
38017649,Julian Champagnie,SAS,3000000,3000000.0,3000000,,,,,,,,
48,Bismack Biyombo,SAS,2296274,3634153.0,3634153,2011.0,1.0,7.0,,,,,
27924547,Lindy Waters III,SAS,2296274,2461463.0,2461463,,,,,,,,
666767,Jordan McLaughlin,SAS,2296274,2874436.0,2874436,,,,,,,,
371,Mason Plumlee,SAS,593864,939867.0,939867,2013.0,1.0,22.0,,,,,
17896055,Scottie Barnes,TOR,38661750,38661750.0,38661750,2021.0,1.0,4.0,,,,,
227,Brandon Ingram,TOR,38095238,38095238.0,38095238,2016.0,1.0,2.0,,,,,
3547269,Immanuel Quickley,TOR,32500000,32500000.0,32500000,2020.0,1.0,25.0,,,,,
666423,RJ Barrett,TOR,27705357,27705357.0,27705357,2019.0,1.0,3.0,,,,,
373,Jakob Poeltl,TOR,19500000,19500000.0,19500000,2016.0,1.0,9.0,,,,,
1057268940,Collin Murray-Boyles,TOR,6332520,6332520.0,6332520,2025.0,1.0,9.0,Rookie,rookie-scale-exception,2025.0,2028.0,28822764.0
56677828,Gradey Dick,TOR,4990560,4990560.0,4990560,2023.0,1.0,13.0,Rookie,rookie-scale-exception,2023.0,2026.0,21422551.0
1028029111,Ja'Kobe Walter,TOR,3638160,3638160.0,3638160,2024.0,1.0,19.0,Rookie,rookie-scale-exception,2024.0,2027.0,16785132.0
17896059,Sandro Mamukelashvili,TOR,2461463,2461463.0,2461463,2021.0,2.0,54.0,,,,,
436,Garrett Temple,TOR,2296274,3634153.0,3634153,,,,,,,,
367,Chris Paul,TOR,2296274,1378472.0,3634153,2005.0,1.0,4.0,,,,,
56677799,Trayce Jackson-Davis,TOR,2221677,842705.0,2221677,2023.0,2.0,57.0,,,,,
1028037494,Jonathan Mogbo,TOR,1955377,1955377.0,1955377,2024.0,2.0,31.0,,,,,
1028243201,Jamison Battle,TOR,1955377,1955377.0,1955377,,,,,,,,
1028038426,Jamal Shead,TOR,1955377,1955377.0,1955377,2024.0,2.0,45.0,,,,,
165,Markelle Fultz,TOR,131970,188932.0,188932,2017.0,1.0,1.0,,,,,
17896007,Braxton Key,TOR,51207,51207.0,51207,,,,,,,,
17554004,AJ Lawson,TOR,26394,27343.0,27343,,,,,,,,
297,Lauri Markkanen,UTA,46394100,46394100.0,46394100,2017.0,1.0,7.0,,,,,
231,Jaren Jackson Jr.,UTA,35000000,13678161.0,35000000,2018.0,1.0,4.0,,,,,
349,Jusuf Nurkic,UTA,19375000,19375000.0,19375000,2014.0,1.0,16.0,,,,,
27,Lonzo Ball,UTA,10000000,3908046.0,10000000,2017.0,1.0,2.0,,,,,
1057260888,Airious Bailey,UTA,9069840,9069840.0,9069840,2025.0,1.0,5.0,Rookie,rookie-scale-exception,2025.0,2028.0,41209782.0
666703,John Konchar,UTA,6165000,2409310.0,6165000,,,,,,,,
1028029291,Cody Williams,UTA,5742480,5742480.0,5742480,2024.0,1.0,10.0,Rookie,rookie-scale-exception,2024.0,2027.0,24897090.0
38017705,Walker Kessler,UTA,4878938,4878938.0,4878938,2022.0,1.0,22.0,Rookie,rookie-scale-exception,2022.0,2025.0,13372418.0
56677834,Keyonte George,UTA,4278960,4278960.0,4278960,2023.0,1.0,16.0,Rookie,rookie-scale-exception,2023.0,2026.0,18816885.0
285,Kevin Love,UTA,4150000,4150000.0,4150000,2008.0,1.0,5.0,,,,,
338,Svi Mykhailiuk,UTA,3675000,3675000.0,3675000,2018.0,2.0,47.0,,,,,
1028035794,Kyle Filipowski,UTA,3000000,3000000.0,3000000,2024.0,2.0,32.0,,,,,
56677842,Brice Sensabaugh,UTA,2693760,2693760.0,2693760,2023.0,1.0,28.0,Rookie,rookie-scale-exception,2023.0,2026.0,12576077.0
1028025362,Isaiah Collier,UTA,2638200,2638200.0,2638200,2024.0,1.0,29.0,Rookie,rookie-scale-exception,2024.0,2027.0,12903788.0
38017731,Vince Williams Jr.,UTA,2301587,899471.0,2301587,2022.0,2.0,47.0,,,,,
28,Mo Bamba,UTA,131970,177064.0,177064,2018.0,1.0,6.0,,,,,
38017702,Kennedy Chandler,UTA,117730,117730.0,117730,2022.0,2.0,38.0,,,,,
1059992972,Bez Mbeng,UTA,73153,73153.0,73153,,,,,,,,
1077620166,Andersson Garcia,UTA,73153,73153.0,73153,,,,,,,,
1081266162,Hayden Gray,UTA,14631,14631.0,14631,,,,,,,,
117,Anthony Davis,WAS,54126450,21152866.0,54126450,2012.0,1.0,1.0,,,,,
490,Trae Young,WAS,46394100,24850391.0,45999660,2018.0,1.0,5.0,,,,,
1028028405,Alexandre Sarr,WAS,11808240,11808240.0,11808240,2024.0,1.0,2.0,Rookie,rookie-scale-exception,2024.0,2027.0,51036398.0
1057262985,Tre Johnson,WAS,8237640,8237640.0,8237640,2025.0,1.0,6.0,Rookie,rookie-scale-exception,2025.0,2028.0,37439131.0
56677844,Bilal Coulibaly,WAS,7275600,7275600.0,7275600,2023.0,1.0,7.0,Rookie,rookie-scale-exception,2023.0,2026.0,30075132.0
38017679,Jaden Hardy,WAS,6000000,2344828.0,6000000,2022.0,2.0,37.0,,,,,
405,D'Angelo Russell,WAS,5685000,2221724.0,5685000,2015.0,1.0,2.0,,,,,
1028025235,Carlton Carrington,WAS,4677600,4677600.0,4677600,2024.0,1.0,14.0,Rookie,rookie-scale-exception,2024.0,2027.0,21290770.0
56677831,Cam Whitmore,WAS,3539760,3539760.0,3539760,2023.0,1.0,20.0,Rookie,rookie-scale-exception,2023.0,2026.0,15595310.0
1057279594,Will Riley,WAS,3512520,3512520.0,3512520,2025.0,1.0,21.0,Rookie,rookie-scale-exception,2025.0,2028.0,17220192.0
1028026060,KyShawn George,WAS,2966760,2966760.0,2966760,2024.0,1.0,24.0,Rookie,rookie-scale-exception,2024.0,2027.0,14336172.0
1016384149,Tristan Vukcevic,WAS,2857143,2857143.0,2857143,2023.0,2.0,42.0,,,,,
17896039,Justin Champagnie,WAS,2349578,2349578.0,2349578,,,,,,,,
151,Dante Exum,WAS,2296274,1291130.0,3303774,2014.0,1.0,5.0,,,,,
3547302,Anthony Gill,WAS,2296274,2667947.0,2667947,,,,,,,,
1057391756,Jamir Watkins,WAS,1131970,1131970.0,1131970,2025.0,2.0,43.0,,,,,
266,Skal Labissiere,WAS,131970,153330.0,153330,2016.0,1.0,28.0,,,,,
38017723,Alondes Williams,WAS,131970,136717.0,136717,,,,,,,,
1059542426,Kadary Richmond,WAS,73153,73153.0,73153,,,,,,,,
1057846172,Keshon Gilbert,WAS,73153,73153.0,73153,,,,,,,,
